USE mvp_platform;

-- Users (bcrypt hash may differ by platform; login dev-fallback supports "password")
INSERT INTO users (id, email, password_hash, role) VALUES
('68a000000000000000000001','admin@example.com','$2a$10$abcdefghijklmnopqrstuuuuuuuuuuuuuuuuuuuuuuuuuuu','Admin'),
('68a000000000000000000002','co1@example.com','$2a$10$abcdefghijklmnopqrstuuuuuuuuuuuuuuuuuuuuuuuuuuu','Company'),
('68a000000000000000000003','co2@example.com','$2a$10$abcdefghijklmnopqrstuuuuuuuuuuuuuuuuuuuuuuuuuuu','Company'),
('68a000000000000000000004','co3@example.com','$2a$10$abcdefghijklmnopqrstuuuuuuuuuuuuuuuuuuuuuuuuuuu','Company'),
('68a000000000000000000005','drv1@example.com','$2a$10$abcdefghijklmnopqrstuuuuuuuuuuuuuuuuuuuuuuuuuuu','Driver'),
('68a000000000000000000006','drv2@example.com','$2a$10$abcdefghijklmnopqrstuuuuuuuuuuuuuuuuuuuuuuuuuuu','Driver'),
('68a000000000000000000007','drv3@example.com','$2a$10$abcdefghijklmnopqrstuuuuuuuuuuuuuuuuuuuuuuuuuuu','Driver'),
('68a000000000000000000008','drv4@example.com','$2a$10$abcdefghijklmnopqrstuuuuuuuuuuuuuuuuuuuuuuuuuuu','Driver'),
('68a000000000000000000009','drv5@example.com','$2a$10$abcdefghijklmnopqrstuuuuuuuuuuuuuuuuuuuuuuuuuuu','Driver'),
('68a000000000000000000010','drv6@example.com','$2a$10$abcdefghijklmnopqrstuuuuuuuuuuuuuuuuuuuuuuuuuuu','Driver'),
('68a000000000000000000011','r1@example.com','$2a$10$abcdefghijklmnopqrstuuuuuuuuuuuuuuuuuuuuuuuuuuu','Rider'),
('68a000000000000000000012','r2@example.com','$2a$10$abcdefghijklmnopqrstuuuuuuuuuuuuuuuuuuuuuuuuuuu','Rider'),
('68a000000000000000000013','r3@example.com','$2a$10$abcdefghijklmnopqrstuuuuuuuuuuuuuuuuuuuuuuuuuuu','Rider'),
('68a000000000000000000014','r4@example.com','$2a$10$abcdefghijklmnopqrstuuuuuuuuuuuuuuuuuuuuuuuuuuu','Rider'),
('68a000000000000000000015','r5@example.com','$2a$10$abcdefghijklmnopqrstuuuuuuuuuuuuuuuuuuuuuuuuuuu','Rider');

-- Companies
INSERT INTO companies (id, owner_user_id, name, description, membership) VALUES
('68b000000000000000000001','68a000000000000000000002','AutoPro Co','Transportation services','Basic'),
('68b000000000000000000002','68a000000000000000000003','Bee Logistics','Delivery & riders','Premium'),
('68b000000000000000000003','68a000000000000000000004','CQueen Services','On-demand helpers','Free');

-- Profiles
INSERT INTO driver_profiles (id, user_id, full_name, phone, bio, rating, skills, location) VALUES
('68c000000000000000000001','68a000000000000000000005','Driver 1','0123450001','Bio 1',4.5, JSON_ARRAY('fast','safe'), 'Hanoi'),
('68c000000000000000000002','68a000000000000000000006','Driver 2','0123450002','Bio 2',4.1, JSON_ARRAY('friendly'), 'Hanoi'),
('68c000000000000000000003','68a000000000000000000007','Driver 3','0123450003','Bio 3',4.2, JSON_ARRAY('motorbike'), 'HCM'),
('68c000000000000000000004','68a000000000000000000008','Driver 4','0123450004','Bio 4',4.0, JSON_ARRAY('car'), 'HCM'),
('68c000000000000000000005','68a000000000000000000009','Driver 5','0123450005','Bio 5',3.9, JSON_ARRAY('truck'), 'Danang'),
('68c000000000000000000006','68a000000000000000000010','Driver 6','0123450006','Bio 6',4.3, JSON_ARRAY('careful'), 'Hue');

INSERT INTO rider_profiles (id, user_id, full_name, phone) VALUES
('68d000000000000000000001','68a000000000000000000011','Rider 1','0991111111'),
('68d000000000000000000002','68a000000000000000000012','Rider 2','0992222222'),
('68d000000000000000000003','68a000000000000000000013','Rider 3','0993333333'),
('68d000000000000000000004','68a000000000000000000014','Rider 4','0994444444'),
('68d000000000000000000005','68a000000000000000000015','Rider 5','0995555555');

-- Services
INSERT INTO services (id, company_id, title, description, price_cents, is_active) VALUES
('68e000000000000000000001','68b000000000000000000001','Car ride','Ride with car',150000,1),
('68e000000000000000000002','68b000000000000000000001','Motor ride','Ride with motorbike',50000,1),
('68e000000000000000000003','68b000000000000000000002','Express delivery','Fast delivery',200000,1),
('68e000000000000000000004','68b000000000000000000002','Cargo delivery','Heavy items',350000,1),
('68e000000000000000000005','68b000000000000000000003','Home helper','Basic tasks',100000,1);

-- Wallets
INSERT INTO wallets (id, owner_type, owner_ref_id, balance_cents, low_balance_threshold) VALUES
('69w000000000000000000001','Admin','68a000000000000000000001',0,10000),
('69w000000000000000000002','Company','68b000000000000000000001',1000000,10000),
('69w000000000000000000003','Company','68b000000000000000000002',2000000,10000),
('69w000000000000000000004','Company','68b000000000000000000003',50000,10000),
('69w000000000000000000005','Driver','68a000000000000000000005',0,10000),
('69w000000000000000000006','Driver','68a000000000000000000006',0,10000),
('69w000000000000000000007','Driver','68a000000000000000000007',0,10000),
('69w000000000000000000008','Driver','68a000000000000000000008',0,10000),
('69w000000000000000000009','Driver','68a000000000000000000009',0,10000),
('69w000000000000000000010','Driver','68a000000000000000000010',0,10000),
('69w000000000000000000011','Rider','68a000000000000000000011',1000000,10000),
('69w000000000000000000012','Rider','68a000000000000000000012',1000000,10000),
('69w000000000000000000013','Rider','68a000000000000000000013',1000000,10000),
('69w000000000000000000014','Rider','68a000000000000000000014',1000000,10000),
('69w000000000000000000015','Rider','68a000000000000000000015',1000000,10000);

-- Orders
INSERT INTO orders (id, rider_user_id, company_id, service_id, status, price_cents) VALUES
('70o000000000000000000001','68a000000000000000000011','68b000000000000000000001','68e000000000000000000001','Completed',150000),
('70o000000000000000000002','68a000000000000000000012','68b000000000000000000001','68e000000000000000000002','Completed',50000),
('70o000000000000000000003','68a000000000000000000011','68b000000000000000000002','68e000000000000000000003','Pending',200000),
('70o000000000000000000004','68a000000000000000000013','68b000000000000000000002','68e000000000000000000004','InProgress',350000),
('70o000000000000000000005','68a000000000000000000014','68b000000000000000000003','68e000000000000000000005','Cancelled',100000),
('70o000000000000000000006','68a000000000000000000015','68b000000000000000000002','68e000000000000000000003','Completed',200000),
('70o000000000000000000007','68a000000000000000000014','68b000000000000000000001','68e000000000000000000002','Completed',50000),
('70o000000000000000000008','68a000000000000000000013','68b000000000000000000002','68e000000000000000000004','Pending',350000),
('70o000000000000000000009','68a000000000000000000012','68b000000000000000000003','68e000000000000000000005','Pending',100000),
('70o000000000000000000010','68a000000000000000000015','68b000000000000000000001','68e000000000000000000001','Completed',150000);

-- Reviews
INSERT INTO reviews (id, order_id, rider_user_id, rating, comment) VALUES
('71r000000000000000000001','70o000000000000000000001','68a000000000000000000011',5,'Great ride!'),
('71r000000000000000000002','70o000000000000000000002','68a000000000000000000012',4,'Good motorbike!'),
('71r000000000000000000006','70o000000000000000000006','68a000000000000000000015',5,'Fast delivery!'),
('71r000000000000000000007','70o000000000000000000007','68a000000000000000000014',4,'Nice driver!'),
('71r000000000000000000010','70o000000000000000000010','68a000000000000000000015',5,'Comfortable car!');
